scope,model,defense,document_status,attack_group,successes,attempts,successes_without_a10,attempts_without_a10
per_model,devstral-small-2:latest,none,approved,all,15,60,14,54
per_model,devstral-small-2:latest,prompt,approved,all,2,60,2,54
per_model,devstral-small-2:latest,sanitize,approved,all,9,60,9,54
per_model,devstral-small-2:latest,link_filter,approved,all,12,60,9,54
per_model,devstral-small-2:latest,provenance,approved,all,14,60,12,54
per_model,devstral-small-2:latest,all,approved,all,9,60,9,54
per_model,qwen2.5vl:7b,none,approved,all,15,60,10,54
per_model,qwen2.5vl:7b,prompt,approved,all,8,60,7,54
per_model,qwen2.5vl:7b,sanitize,approved,all,9,60,6,54
per_model,qwen2.5vl:7b,link_filter,approved,all,15,60,9,54
per_model,qwen2.5vl:7b,provenance,approved,all,17,60,11,54
per_model,qwen2.5vl:7b,all,approved,all,5,60,5,54
per_model,qwen3.6:35b-a3b,none,approved,all,22,60,16,54
per_model,qwen3.6:35b-a3b,prompt,approved,all,7,60,1,54
per_model,qwen3.6:35b-a3b,sanitize,approved,all,3,60,2,54
per_model,qwen3.6:35b-a3b,link_filter,approved,all,12,60,6,54
per_model,qwen3.6:35b-a3b,provenance,approved,all,25,60,19,54
per_model,qwen3.6:35b-a3b,all,approved,all,3,60,3,54
per_model,qwen3.8:27b-q4_K_M,none,approved,all,17,60,12,54
per_model,qwen3.8:27b-q4_K_M,prompt,approved,all,6,60,4,54
per_model,qwen3.8:27b-q4_K_M,sanitize,approved,all,11,60,11,54
per_model,qwen3.8:27b-q4_K_M,link_filter,approved,all,15,60,10,54
per_model,qwen3.8:27b-q4_K_M,provenance,approved,all,20,60,14,54
per_model,qwen3.8:27b-q4_K_M,all,approved,all,7,60,7,54
pooled_attack_group,four_models_pooled,none,approved,instruction_related,56,192,39,168
pooled_attack_group,four_models_pooled,none,approved,forged_figures,13,48,13,48
pooled_attack_group,four_models_pooled,prompt,approved,instruction_related,10,192,1,168
pooled_attack_group,four_models_pooled,prompt,approved,forged_figures,13,48,13,48
pooled_attack_group,four_models_pooled,sanitize,approved,instruction_related,4,192,0,168
pooled_attack_group,four_models_pooled,sanitize,approved,forged_figures,28,48,28,48
pooled_attack_group,four_models_pooled,link_filter,approved,instruction_related,41,192,21,168
pooled_attack_group,four_models_pooled,link_filter,approved,forged_figures,13,48,13,48
pooled_attack_group,four_models_pooled,provenance,approved,instruction_related,62,192,42,168
pooled_attack_group,four_models_pooled,provenance,approved,forged_figures,14,48,14,48
pooled_attack_group,four_models_pooled,all,approved,instruction_related,0,192,0,168
pooled_attack_group,four_models_pooled,all,approved,forged_figures,24,48,24,48
